상품번호,상품명,브랜드,스타일1,스타일2,스타일3,할인가,판매량,링크
6551491,무한상사 반팔,infinitechallenge,스트리트,페미닌,리조트,39000,600개 이상,https://www.musinsa.com/products/6551491
6154808,[크롭] 배색 롤업 크롭 반팔 티셔츠_블랙,kiimuir,모던,스트리트,리조트,39600,1.6만 개 이상,https://www.musinsa.com/products/6154808
6154816,[크롭] 배색 롤업 크롭 반팔 티셔츠_버건디,kiimuir,리조트,컨트리,스트리트,39600,1.5만 개 이상,https://www.musinsa.com/products/6154816
6020279,2PACK 반팔 티셔츠 화이트/블랙 UR111CRS20,umbro,스트리트,모던,리조트,49900,2.7천 개 이상,https://www.musinsa.com/products/6020279
6144501,베이비 마일로 티셔츠(M) BLACK,bape,스트리트,페미닌,모던,129000,300개 이상,https://www.musinsa.com/products/6144501
6551431,WM7 반팔,infinitechallenge,스트리트,스포티,모던,39000,50개 이상,https://www.musinsa.com/products/6551431
6520342,배색 레이어드 롤업 반팔 티셔츠_피그먼트 차콜,dimitriblack,스트리트,젠더리스,리조트,27900,800개 이상,https://www.musinsa.com/products/6520342
5864947,컴포트핏 백그래픽 반팔 티셔츠 화이트 SR123UTS16,descente,스트리트,모던,리조트,65000,100개 이상,https://www.musinsa.com/products/5864947
6154823,[크롭] 스트라이프 레이어드 헨리넥 반팔 티셔츠_차콜,kiimuir,스트리트,펑크,레트로,48600,8천 개 이상,https://www.musinsa.com/products/6154823
6238769,[10주년기획] © 모두의 수소봉제 반팔 티셔츠 (COOLMAX® 원단)_7 COLOR,dimitriblack,스트리트,힙합,레트로,18900,2만 개 이상,https://www.musinsa.com/products/6238769
6197077,VLAD 빈티지 ARCH 링거 티셔츠_2 COLOR,dimitriblack,키치,젠더리스,스트리트,24900,8.9천 개 이상,https://www.musinsa.com/products/6197077
6520341,배색 레이어드 롤업 반팔 티셔츠_피그먼트 네이비,dimitriblack,젠더리스,스트리트,모던,27900,800개 이상,https://www.musinsa.com/products/6520341
6462927,[명조X무신사] 풋볼 저지,wutheringwaves,스트리트,스포티,모던,59000,700개 이상,https://www.musinsa.com/products/6462927
6265546,[젠플록스X드로우핏] 린넨 데님 롤업 셔츠 [3color],drawfit,젠더리스,스트리트,모던,46800,3.3천 개 이상,https://www.musinsa.com/products/6265546
6217135,ACG 드라이 핏 티셔츠 M - 블랙 / IH1289-010,nike,젠더리스,스트리트,키치,65000,800개 이상,https://www.musinsa.com/products/6217135
6213122,시티보이 오버핏 피그먼트 반팔 셔츠 7COLOR,untapped,모던,젠더리스,스트리트,29880,6.3천 개 이상,https://www.musinsa.com/products/6213122
6103287,와플 헨리넥 데일리 반팔 티셔츠 - 3color,mindbridge,스트리트,스포티,리조트,34900,3.7천 개 이상,https://www.musinsa.com/products/6103287
6144502,베이비 마일로 티셔츠(M) WHITE,bape,스트리트,페미닌,로맨틱,129000,400개 이상,https://www.musinsa.com/products/6144502
6109248,[ON]워셔블 멀티 스트라이프 카라 반팔 니트 - 4color,mindbridge,스트리트,모던,젠더리스,39900,5.5천 개 이상,https://www.musinsa.com/products/6109248
6511757,CS TOP LACE BRA TOP-005 (MINT),coolsis,섹시,스트리트,페미닌,44100,정보 없음,https://www.musinsa.com/products/6511757
6388520,ASYMMETRIC COLLAR TOP [BLACK],tuomio,스트리트,모던,톰보이,83700,100개 이상,https://www.musinsa.com/products/6388520
6511751,CS SUMMER SNAP OFF TOP-070 (BLACK),coolsis,모던,섹시,리조트,61200,정보 없음,https://www.musinsa.com/products/6511751
6064533,인더시티 오버핏 콘트라스트 스티치 그래픽 티 블랙 4RF296G UB1,calvinkleinjeans,스트리트,힙합,리조트,51750,1천 개 이상,https://www.musinsa.com/products/6064533
6201953,[2PACK]230G 피그먼트 오버핏 반팔 티셔츠 5COLOR,untapped,스트리트,모던,아방가르드,34200,1.9천 개 이상,https://www.musinsa.com/products/6201953
6263413,[오정규 x 알리스] 쿨 코튼 레이어드 헨리넥 크롭 하프 니트_2COLOR,alyss,스트리트,모던,리조트,70310,2.1천 개 이상,https://www.musinsa.com/products/6263413
6184022,[스토커즈X드로우핏] 슬럽 코튼 헨리넥 티셔츠 [5color],drawfit,스트리트,모던,클래식,31500,7.4천 개 이상,https://www.musinsa.com/products/6184022
6179578,Cosmic Girl Pique T-Shirt Navy,ertr,모던,스포티,스트리트,68400,200개 이상,https://www.musinsa.com/products/6179578
6511741,CS SLIM U-NECK 3/4 TOP-069 (MINT),coolsis,스트리트,섹시,리조트,44100,정보 없음,https://www.musinsa.com/products/6511741
6108801,Seastar 링거 반팔 티셔츠,vivalavida,스트리트,컨트리,모던,35900,5.7천 개 이상,https://www.musinsa.com/products/6108801
6230348,워셔블 린넨 크롭 헨리넥 반팔 니트_7color,trillion,스트리트,스포티,리조트,29900,3.9천 개 이상,https://www.musinsa.com/products/6230348
6317950,바이오워싱 크롭 데님 반팔 셔츠_2 COLOR,dimitriblack,스트리트,톰보이,모던,22900,3천 개 이상,https://www.musinsa.com/products/6317950
6403704,플루이드 프릴 블라우스,highschooldisco,로맨틱,페미닌,리조트,70200,50개 이상,https://www.musinsa.com/products/6403704
6219957,Urban Youth 퓨어 코튼 오버핏 반팔 티셔츠 8COLOR,untapped,스포티,스트리트,키치,21000,5천 개 이상,https://www.musinsa.com/products/6219957
6222099,백 크로스 티 (MINT) F26QB073,nastyfancyclub,페미닌,모던,스트리트,38270,1.1천 개 이상,https://www.musinsa.com/products/6222099
6102395,에어리 크롭 워셔블 하프 니트,suare,스트리트,리조트,모던,33000,1.3만 개 이상,https://www.musinsa.com/products/6102395
6403729,7부 레이스 플라워 티셔츠,highschooldisco,로맨틱,스트리트,페미닌,49500,100개 이상,https://www.musinsa.com/products/6403729
5929993,CLASSIC LOGO TEE charcoal,marithefrancoisgirbaud,스트리트,젠더리스,펑크,36750,50개 이상,https://www.musinsa.com/products/5929993
5864941,스몰 워딩 코튼 반팔 티셔츠 블랙 SR123UTS15,descente,리조트,스트리트,모던,61000,100개 이상,https://www.musinsa.com/products/5864941
6146828,클래식 롱슬리브 크롭 셔츠 - 화이트 / FLL196GF0313100,thombrowne,스포티,모던,스트리트,847000,정보 없음,https://www.musinsa.com/products/6146828
6345367,히든 플라워 사틴 블라우스 ( 크림 ),letterfrommoon,리조트,페미닌,스트리트,104500,50개 이상,https://www.musinsa.com/products/6345367
6200657,크롭 골지 반팔 티셔츠_5 COLOR,they,스트리트,젠더리스,모던,21900,8.1천 개 이상,https://www.musinsa.com/products/6200657
6509261,로우 엣지 러플 블라우스 - 네이비,ordes,페미닌,스트리트,로맨틱,133200,정보 없음,https://www.musinsa.com/products/6509261
5945896,2팩 크롭핏 블랭크 티셔츠,discusathletic,모던,스트리트,리조트,35400,6.8천 개 이상,https://www.musinsa.com/products/5945896
6497835,[건조기 가능] 컴포트 배색 롤업 크롭 반팔 티셔츠 ( 4Color ),brenson,스트리트,컨트리,리조트,25900,300개 이상,https://www.musinsa.com/products/6497835
5849399,W.B T-SHIRT - CHARCOAL,nomanual,스트리트,모던,컨트리,46800,2.3천 개 이상,https://www.musinsa.com/products/5849399
6391150,[패션플래닛X후브스] 필드롤업 크롭 반팔셔츠 - 6Color,hooves,스포티,스트리트,모던,36900,3.2천 개 이상,https://www.musinsa.com/products/6391150
6064541,인더시티 이지핏 링거 티 블랙 4RF297G UB1,calvinkleinjeans,스트리트,스포티,리조트,51750,600개 이상,https://www.musinsa.com/products/6064541
6493135,데일리 골지 크롭 머슬핏 티셔츠-5Color,filluminate,스트리트,모던,리조트,27900,100개 이상,https://www.musinsa.com/products/6493135
6312919,브리즈팝 에어로쿨 빅그래픽 반팔 티셔츠 IVORY,kodak,스트리트,힙합,리조트,50400,정보 없음,https://www.musinsa.com/products/6312919
6511756,CS TOP LACE BRA TOP-005 (WHITE),coolsis,섹시,스트리트,리조트,44100,정보 없음,https://www.musinsa.com/products/6511756
