product_id,product_name,brand,style,style2,category,size,price,link
6551491,무한상사 반팔,infinitechallenge,스트리트,페미닌,상의,L,39000,https://www.musinsa.com/products/6551491
6551491,무한상사 반팔,infinitechallenge,스트리트,페미닌,상의,XL,39000,https://www.musinsa.com/products/6551491
6154808,[크롭] 배색 롤업 크롭 반팔 티셔츠_블랙,kiimuir,모던,스트리트,상의,M,39600,https://www.musinsa.com/products/6154808
6154808,[크롭] 배색 롤업 크롭 반팔 티셔츠_블랙,kiimuir,모던,스트리트,상의,L,39600,https://www.musinsa.com/products/6154808
6154808,[크롭] 배색 롤업 크롭 반팔 티셔츠_블랙,kiimuir,모던,스트리트,상의,XL,39600,https://www.musinsa.com/products/6154808
6154816,[크롭] 배색 롤업 크롭 반팔 티셔츠_버건디,kiimuir,리조트,컨트리,상의,M,39600,https://www.musinsa.com/products/6154816
6154816,[크롭] 배색 롤업 크롭 반팔 티셔츠_버건디,kiimuir,리조트,컨트리,상의,L,39600,https://www.musinsa.com/products/6154816
6154816,[크롭] 배색 롤업 크롭 반팔 티셔츠_버건디,kiimuir,리조트,컨트리,상의,XL,39600,https://www.musinsa.com/products/6154816
6020279,2PACK 반팔 티셔츠 화이트/블랙 UR111CRS20,umbro,스트리트,모던,상의,M,49900,https://www.musinsa.com/products/6020279
6020279,2PACK 반팔 티셔츠 화이트/블랙 UR111CRS20,umbro,스트리트,모던,상의,L,49900,https://www.musinsa.com/products/6020279
6144501,베이비 마일로 티셔츠(M) BLACK,bape,스트리트,페미닌,상의,S,129000,https://www.musinsa.com/products/6144501
6144501,베이비 마일로 티셔츠(M) BLACK,bape,스트리트,페미닌,상의,M,129000,https://www.musinsa.com/products/6144501
6144501,베이비 마일로 티셔츠(M) BLACK,bape,스트리트,페미닌,상의,L,129000,https://www.musinsa.com/products/6144501
6144501,베이비 마일로 티셔츠(M) BLACK,bape,스트리트,페미닌,상의,XL,129000,https://www.musinsa.com/products/6144501
6144501,베이비 마일로 티셔츠(M) BLACK,bape,스트리트,페미닌,상의,2XL,129000,https://www.musinsa.com/products/6144501
6144501,베이비 마일로 티셔츠(M) BLACK,bape,스트리트,페미닌,상의,3XL,129000,https://www.musinsa.com/products/6144501
6551431,WM7 반팔,infinitechallenge,스트리트,스포티,상의,L,39000,https://www.musinsa.com/products/6551431
6551431,WM7 반팔,infinitechallenge,스트리트,스포티,상의,XL,39000,https://www.musinsa.com/products/6551431
6520342,배색 레이어드 롤업 반팔 티셔츠_피그먼트 차콜,dimitriblack,스트리트,젠더리스,상의,M,27900,https://www.musinsa.com/products/6520342
6520342,배색 레이어드 롤업 반팔 티셔츠_피그먼트 차콜,dimitriblack,스트리트,젠더리스,상의,L,27900,https://www.musinsa.com/products/6520342
6520342,배색 레이어드 롤업 반팔 티셔츠_피그먼트 차콜,dimitriblack,스트리트,젠더리스,상의,XL,27900,https://www.musinsa.com/products/6520342
6520342,배색 레이어드 롤업 반팔 티셔츠_피그먼트 차콜,dimitriblack,스트리트,젠더리스,상의,2XL,27900,https://www.musinsa.com/products/6520342
5864947,컴포트핏 백그래픽 반팔 티셔츠 화이트 SR123UTS16,descente,스트리트,모던,상의,M,65000,https://www.musinsa.com/products/5864947
5864947,컴포트핏 백그래픽 반팔 티셔츠 화이트 SR123UTS16,descente,스트리트,모던,상의,L,65000,https://www.musinsa.com/products/5864947
6154823,[크롭] 스트라이프 레이어드 헨리넥 반팔 티셔츠_차콜,kiimuir,스트리트,펑크,상의,M,48600,https://www.musinsa.com/products/6154823
6154823,[크롭] 스트라이프 레이어드 헨리넥 반팔 티셔츠_차콜,kiimuir,스트리트,펑크,상의,L,48600,https://www.musinsa.com/products/6154823
6154823,[크롭] 스트라이프 레이어드 헨리넥 반팔 티셔츠_차콜,kiimuir,스트리트,펑크,상의,XL,48600,https://www.musinsa.com/products/6154823
6238769,[10주년기획] © 모두의 수소봉제 반팔 티셔츠 (COOLMAX® 원단)_7 COLOR,dimitriblack,스트리트,힙합,상의,M,18900,https://www.musinsa.com/products/6238769
6238769,[10주년기획] © 모두의 수소봉제 반팔 티셔츠 (COOLMAX® 원단)_7 COLOR,dimitriblack,스트리트,힙합,상의,L,18900,https://www.musinsa.com/products/6238769
6238769,[10주년기획] © 모두의 수소봉제 반팔 티셔츠 (COOLMAX® 원단)_7 COLOR,dimitriblack,스트리트,힙합,상의,XL,18900,https://www.musinsa.com/products/6238769
6238769,[10주년기획] © 모두의 수소봉제 반팔 티셔츠 (COOLMAX® 원단)_7 COLOR,dimitriblack,스트리트,힙합,상의,2XL,18900,https://www.musinsa.com/products/6238769
6197077,VLAD 빈티지 ARCH 링거 티셔츠_2 COLOR,dimitriblack,키치,젠더리스,상의,M,24900,https://www.musinsa.com/products/6197077
6197077,VLAD 빈티지 ARCH 링거 티셔츠_2 COLOR,dimitriblack,키치,젠더리스,상의,L,24900,https://www.musinsa.com/products/6197077
6197077,VLAD 빈티지 ARCH 링거 티셔츠_2 COLOR,dimitriblack,키치,젠더리스,상의,XL,24900,https://www.musinsa.com/products/6197077
6197077,VLAD 빈티지 ARCH 링거 티셔츠_2 COLOR,dimitriblack,키치,젠더리스,상의,2XL,24900,https://www.musinsa.com/products/6197077
6520341,배색 레이어드 롤업 반팔 티셔츠_피그먼트 네이비,dimitriblack,젠더리스,스트리트,상의,M,27900,https://www.musinsa.com/products/6520341
6520341,배색 레이어드 롤업 반팔 티셔츠_피그먼트 네이비,dimitriblack,젠더리스,스트리트,상의,L,27900,https://www.musinsa.com/products/6520341
6520341,배색 레이어드 롤업 반팔 티셔츠_피그먼트 네이비,dimitriblack,젠더리스,스트리트,상의,XL,27900,https://www.musinsa.com/products/6520341
6462927,[명조X무신사] 풋볼 저지,wutheringwaves,스트리트,스포티,상의,L,59000,https://www.musinsa.com/products/6462927
6462927,[명조X무신사] 풋볼 저지,wutheringwaves,스트리트,스포티,상의,XL,59000,https://www.musinsa.com/products/6462927
6462927,[명조X무신사] 풋볼 저지,wutheringwaves,스트리트,스포티,상의,2XL,59000,https://www.musinsa.com/products/6462927
6265546,[젠플록스X드로우핏] 린넨 데님 롤업 셔츠 [3color],drawfit,젠더리스,스트리트,상의,M,46800,https://www.musinsa.com/products/6265546
6265546,[젠플록스X드로우핏] 린넨 데님 롤업 셔츠 [3color],drawfit,젠더리스,스트리트,상의,L,46800,https://www.musinsa.com/products/6265546
6265546,[젠플록스X드로우핏] 린넨 데님 롤업 셔츠 [3color],drawfit,젠더리스,스트리트,상의,XL,46800,https://www.musinsa.com/products/6265546
6217135,ACG 드라이 핏 티셔츠 M - 블랙 / IH1289-010,nike,젠더리스,스트리트,상의,S,65000,https://www.musinsa.com/products/6217135
6217135,ACG 드라이 핏 티셔츠 M - 블랙 / IH1289-010,nike,젠더리스,스트리트,상의,M,65000,https://www.musinsa.com/products/6217135
6217135,ACG 드라이 핏 티셔츠 M - 블랙 / IH1289-010,nike,젠더리스,스트리트,상의,L,65000,https://www.musinsa.com/products/6217135
6217135,ACG 드라이 핏 티셔츠 M - 블랙 / IH1289-010,nike,젠더리스,스트리트,상의,XL,65000,https://www.musinsa.com/products/6217135
6217135,ACG 드라이 핏 티셔츠 M - 블랙 / IH1289-010,nike,젠더리스,스트리트,상의,2XL,65000,https://www.musinsa.com/products/6217135
6217135,ACG 드라이 핏 티셔츠 M - 블랙 / IH1289-010,nike,젠더리스,스트리트,상의,3XL,65000,https://www.musinsa.com/products/6217135
6213122,시티보이 오버핏 피그먼트 반팔 셔츠 7COLOR,untapped,모던,젠더리스,상의,M,29880,https://www.musinsa.com/products/6213122
6213122,시티보이 오버핏 피그먼트 반팔 셔츠 7COLOR,untapped,모던,젠더리스,상의,L,29880,https://www.musinsa.com/products/6213122
6213122,시티보이 오버핏 피그먼트 반팔 셔츠 7COLOR,untapped,모던,젠더리스,상의,XL,29880,https://www.musinsa.com/products/6213122
6213122,시티보이 오버핏 피그먼트 반팔 셔츠 7COLOR,untapped,모던,젠더리스,상의,2XL,29880,https://www.musinsa.com/products/6213122
6103287,와플 헨리넥 데일리 반팔 티셔츠 - 3color,mindbridge,스트리트,스포티,상의,M,34900,https://www.musinsa.com/products/6103287
6103287,와플 헨리넥 데일리 반팔 티셔츠 - 3color,mindbridge,스트리트,스포티,상의,L,34900,https://www.musinsa.com/products/6103287
6144502,베이비 마일로 티셔츠(M) WHITE,bape,스트리트,페미닌,상의,S,129000,https://www.musinsa.com/products/6144502
6144502,베이비 마일로 티셔츠(M) WHITE,bape,스트리트,페미닌,상의,M,129000,https://www.musinsa.com/products/6144502
6144502,베이비 마일로 티셔츠(M) WHITE,bape,스트리트,페미닌,상의,L,129000,https://www.musinsa.com/products/6144502
6144502,베이비 마일로 티셔츠(M) WHITE,bape,스트리트,페미닌,상의,XL,129000,https://www.musinsa.com/products/6144502
6144502,베이비 마일로 티셔츠(M) WHITE,bape,스트리트,페미닌,상의,2XL,129000,https://www.musinsa.com/products/6144502
6144502,베이비 마일로 티셔츠(M) WHITE,bape,스트리트,페미닌,상의,3XL,129000,https://www.musinsa.com/products/6144502
6109248,[ON]워셔블 멀티 스트라이프 카라 반팔 니트 - 4color,mindbridge,스트리트,모던,상의,M,39900,https://www.musinsa.com/products/6109248
6109248,[ON]워셔블 멀티 스트라이프 카라 반팔 니트 - 4color,mindbridge,스트리트,모던,상의,L,39900,https://www.musinsa.com/products/6109248
6511757,CS TOP LACE BRA TOP-005 (MINT),coolsis,섹시,스트리트,상의,S,44100,https://www.musinsa.com/products/6511757
6511757,CS TOP LACE BRA TOP-005 (MINT),coolsis,섹시,스트리트,상의,M,44100,https://www.musinsa.com/products/6511757
6388520,ASYMMETRIC COLLAR TOP [BLACK],tuomio,스트리트,모던,상의,M,83700,https://www.musinsa.com/products/6388520
6388520,ASYMMETRIC COLLAR TOP [BLACK],tuomio,스트리트,모던,상의,L,83700,https://www.musinsa.com/products/6388520
6511751,CS SUMMER SNAP OFF TOP-070 (BLACK),coolsis,모던,섹시,상의,S,61200,https://www.musinsa.com/products/6511751
6511751,CS SUMMER SNAP OFF TOP-070 (BLACK),coolsis,모던,섹시,상의,M,61200,https://www.musinsa.com/products/6511751
6511751,CS SUMMER SNAP OFF TOP-070 (BLACK),coolsis,모던,섹시,상의,L,61200,https://www.musinsa.com/products/6511751
6064533,인더시티 오버핏 콘트라스트 스티치 그래픽 티 블랙 4RF296G UB1,calvinkleinjeans,스트리트,힙합,상의,XS,51750,https://www.musinsa.com/products/6064533
6064533,인더시티 오버핏 콘트라스트 스티치 그래픽 티 블랙 4RF296G UB1,calvinkleinjeans,스트리트,힙합,상의,S,51750,https://www.musinsa.com/products/6064533
6064533,인더시티 오버핏 콘트라스트 스티치 그래픽 티 블랙 4RF296G UB1,calvinkleinjeans,스트리트,힙합,상의,M,51750,https://www.musinsa.com/products/6064533
6064533,인더시티 오버핏 콘트라스트 스티치 그래픽 티 블랙 4RF296G UB1,calvinkleinjeans,스트리트,힙합,상의,L,51750,https://www.musinsa.com/products/6064533
6064533,인더시티 오버핏 콘트라스트 스티치 그래픽 티 블랙 4RF296G UB1,calvinkleinjeans,스트리트,힙합,상의,XL,51750,https://www.musinsa.com/products/6064533
6201953,[2PACK]230G 피그먼트 오버핏 반팔 티셔츠 5COLOR,untapped,스트리트,모던,상의,S,34200,https://www.musinsa.com/products/6201953
6201953,[2PACK]230G 피그먼트 오버핏 반팔 티셔츠 5COLOR,untapped,스트리트,모던,상의,M,34200,https://www.musinsa.com/products/6201953
6201953,[2PACK]230G 피그먼트 오버핏 반팔 티셔츠 5COLOR,untapped,스트리트,모던,상의,L,34200,https://www.musinsa.com/products/6201953
6201953,[2PACK]230G 피그먼트 오버핏 반팔 티셔츠 5COLOR,untapped,스트리트,모던,상의,XL,34200,https://www.musinsa.com/products/6201953
6263413,[오정규 x 알리스] 쿨 코튼 레이어드 헨리넥 크롭 하프 니트_2COLOR,alyss,스트리트,모던,상의,M,70310,https://www.musinsa.com/products/6263413
6263413,[오정규 x 알리스] 쿨 코튼 레이어드 헨리넥 크롭 하프 니트_2COLOR,alyss,스트리트,모던,상의,L,70310,https://www.musinsa.com/products/6263413
6263413,[오정규 x 알리스] 쿨 코튼 레이어드 헨리넥 크롭 하프 니트_2COLOR,alyss,스트리트,모던,상의,XL,70310,https://www.musinsa.com/products/6263413
6184022,[스토커즈X드로우핏] 슬럽 코튼 헨리넥 티셔츠 [5color],drawfit,스트리트,모던,상의,M,31500,https://www.musinsa.com/products/6184022
6184022,[스토커즈X드로우핏] 슬럽 코튼 헨리넥 티셔츠 [5color],drawfit,스트리트,모던,상의,L,31500,https://www.musinsa.com/products/6184022
6184022,[스토커즈X드로우핏] 슬럽 코튼 헨리넥 티셔츠 [5color],drawfit,스트리트,모던,상의,XL,31500,https://www.musinsa.com/products/6184022
6179578,Cosmic Girl Pique T-Shirt Navy,ertr,모던,스포티,상의,M,68400,https://www.musinsa.com/products/6179578
6179578,Cosmic Girl Pique T-Shirt Navy,ertr,모던,스포티,상의,L,68400,https://www.musinsa.com/products/6179578
6511741,CS SLIM U-NECK 3/4 TOP-069 (MINT),coolsis,스트리트,섹시,상의,S,44100,https://www.musinsa.com/products/6511741
6511741,CS SLIM U-NECK 3/4 TOP-069 (MINT),coolsis,스트리트,섹시,상의,M,44100,https://www.musinsa.com/products/6511741
6511741,CS SLIM U-NECK 3/4 TOP-069 (MINT),coolsis,스트리트,섹시,상의,L,44100,https://www.musinsa.com/products/6511741
6108801,Seastar 링거 반팔 티셔츠,vivalavida,스트리트,컨트리,상의,M,35900,https://www.musinsa.com/products/6108801
6108801,Seastar 링거 반팔 티셔츠,vivalavida,스트리트,컨트리,상의,L,35900,https://www.musinsa.com/products/6108801
6108801,Seastar 링거 반팔 티셔츠,vivalavida,스트리트,컨트리,상의,XL,35900,https://www.musinsa.com/products/6108801
6230348,워셔블 린넨 크롭 헨리넥 반팔 니트_7color,trillion,스트리트,스포티,상의,M,29900,https://www.musinsa.com/products/6230348
6230348,워셔블 린넨 크롭 헨리넥 반팔 니트_7color,trillion,스트리트,스포티,상의,L,29900,https://www.musinsa.com/products/6230348
6230348,워셔블 린넨 크롭 헨리넥 반팔 니트_7color,trillion,스트리트,스포티,상의,XL,29900,https://www.musinsa.com/products/6230348
6317950,바이오워싱 크롭 데님 반팔 셔츠_2 COLOR,dimitriblack,스트리트,톰보이,상의,M,22900,https://www.musinsa.com/products/6317950
6317950,바이오워싱 크롭 데님 반팔 셔츠_2 COLOR,dimitriblack,스트리트,톰보이,상의,L,22900,https://www.musinsa.com/products/6317950
6317950,바이오워싱 크롭 데님 반팔 셔츠_2 COLOR,dimitriblack,스트리트,톰보이,상의,XL,22900,https://www.musinsa.com/products/6317950
6403704,플루이드 프릴 블라우스,highschooldisco,로맨틱,페미닌,상의,M,70200,https://www.musinsa.com/products/6403704
6403704,플루이드 프릴 블라우스,highschooldisco,로맨틱,페미닌,상의,L,70200,https://www.musinsa.com/products/6403704
6219957,Urban Youth 퓨어 코튼 오버핏 반팔 티셔츠 8COLOR,untapped,스포티,스트리트,상의,S,21000,https://www.musinsa.com/products/6219957
6219957,Urban Youth 퓨어 코튼 오버핏 반팔 티셔츠 8COLOR,untapped,스포티,스트리트,상의,M,21000,https://www.musinsa.com/products/6219957
6219957,Urban Youth 퓨어 코튼 오버핏 반팔 티셔츠 8COLOR,untapped,스포티,스트리트,상의,L,21000,https://www.musinsa.com/products/6219957
6219957,Urban Youth 퓨어 코튼 오버핏 반팔 티셔츠 8COLOR,untapped,스포티,스트리트,상의,XL,21000,https://www.musinsa.com/products/6219957
6222099,백 크로스 티 (MINT) F26QB073,nastyfancyclub,페미닌,모던,상의,M,38270,https://www.musinsa.com/products/6222099
6222099,백 크로스 티 (MINT) F26QB073,nastyfancyclub,페미닌,모던,상의,L,38270,https://www.musinsa.com/products/6222099
6102395,에어리 크롭 워셔블 하프 니트,suare,스트리트,리조트,상의,M,33000,https://www.musinsa.com/products/6102395
6102395,에어리 크롭 워셔블 하프 니트,suare,스트리트,리조트,상의,L,33000,https://www.musinsa.com/products/6102395
6102395,에어리 크롭 워셔블 하프 니트,suare,스트리트,리조트,상의,XL,33000,https://www.musinsa.com/products/6102395
6403729,7부 레이스 플라워 티셔츠,highschooldisco,로맨틱,스트리트,상의,M,49500,https://www.musinsa.com/products/6403729
6403729,7부 레이스 플라워 티셔츠,highschooldisco,로맨틱,스트리트,상의,L,49500,https://www.musinsa.com/products/6403729
5929993,CLASSIC LOGO TEE charcoal,marithefrancoisgirbaud,스트리트,젠더리스,상의,S,36750,https://www.musinsa.com/products/5929993
5929993,CLASSIC LOGO TEE charcoal,marithefrancoisgirbaud,스트리트,젠더리스,상의,M,36750,https://www.musinsa.com/products/5929993
5929993,CLASSIC LOGO TEE charcoal,marithefrancoisgirbaud,스트리트,젠더리스,상의,L,36750,https://www.musinsa.com/products/5929993
5929993,CLASSIC LOGO TEE charcoal,marithefrancoisgirbaud,스트리트,젠더리스,상의,XL,36750,https://www.musinsa.com/products/5929993
5864941,스몰 워딩 코튼 반팔 티셔츠 블랙 SR123UTS15,descente,리조트,스트리트,상의,M,61000,https://www.musinsa.com/products/5864941
5864941,스몰 워딩 코튼 반팔 티셔츠 블랙 SR123UTS15,descente,리조트,스트리트,상의,L,61000,https://www.musinsa.com/products/5864941
6146828,클래식 롱슬리브 크롭 셔츠 - 화이트 / FLL196GF0313100,thombrowne,스포티,모던,상의,M,847000,https://www.musinsa.com/products/6146828
6146828,클래식 롱슬리브 크롭 셔츠 - 화이트 / FLL196GF0313100,thombrowne,스포티,모던,상의,L,847000,https://www.musinsa.com/products/6146828
6345367,히든 플라워 사틴 블라우스 ( 크림 ),letterfrommoon,리조트,페미닌,상의,S,104500,https://www.musinsa.com/products/6345367
6345367,히든 플라워 사틴 블라우스 ( 크림 ),letterfrommoon,리조트,페미닌,상의,M,104500,https://www.musinsa.com/products/6345367
6200657,크롭 골지 반팔 티셔츠_5 COLOR,they,스트리트,젠더리스,상의,M,21900,https://www.musinsa.com/products/6200657
6200657,크롭 골지 반팔 티셔츠_5 COLOR,they,스트리트,젠더리스,상의,L,21900,https://www.musinsa.com/products/6200657
6200657,크롭 골지 반팔 티셔츠_5 COLOR,they,스트리트,젠더리스,상의,XL,21900,https://www.musinsa.com/products/6200657
6509261,로우 엣지 러플 블라우스 - 네이비,ordes,페미닌,스트리트,상의,M,133200,https://www.musinsa.com/products/6509261
6509261,로우 엣지 러플 블라우스 - 네이비,ordes,페미닌,스트리트,상의,L,133200,https://www.musinsa.com/products/6509261
5945896,2팩 크롭핏 블랭크 티셔츠,discusathletic,모던,스트리트,상의,S,35400,https://www.musinsa.com/products/5945896
5945896,2팩 크롭핏 블랭크 티셔츠,discusathletic,모던,스트리트,상의,M,35400,https://www.musinsa.com/products/5945896
5945896,2팩 크롭핏 블랭크 티셔츠,discusathletic,모던,스트리트,상의,L,35400,https://www.musinsa.com/products/5945896
5945896,2팩 크롭핏 블랭크 티셔츠,discusathletic,모던,스트리트,상의,XL,35400,https://www.musinsa.com/products/5945896
5945896,2팩 크롭핏 블랭크 티셔츠,discusathletic,모던,스트리트,상의,2XL,35400,https://www.musinsa.com/products/5945896
6497835,[건조기 가능] 컴포트 배색 롤업 크롭 반팔 티셔츠 ( 4Color ),brenson,스트리트,컨트리,상의,M,25900,https://www.musinsa.com/products/6497835
6497835,[건조기 가능] 컴포트 배색 롤업 크롭 반팔 티셔츠 ( 4Color ),brenson,스트리트,컨트리,상의,L,25900,https://www.musinsa.com/products/6497835
6497835,[건조기 가능] 컴포트 배색 롤업 크롭 반팔 티셔츠 ( 4Color ),brenson,스트리트,컨트리,상의,XL,25900,https://www.musinsa.com/products/6497835
5849399,W.B T-SHIRT - CHARCOAL,nomanual,스트리트,모던,상의,S,46800,https://www.musinsa.com/products/5849399
5849399,W.B T-SHIRT - CHARCOAL,nomanual,스트리트,모던,상의,M,46800,https://www.musinsa.com/products/5849399
5849399,W.B T-SHIRT - CHARCOAL,nomanual,스트리트,모던,상의,L,46800,https://www.musinsa.com/products/5849399
5849399,W.B T-SHIRT - CHARCOAL,nomanual,스트리트,모던,상의,XL,46800,https://www.musinsa.com/products/5849399
6391150,[패션플래닛X후브스] 필드롤업 크롭 반팔셔츠 - 6Color,hooves,스포티,스트리트,상의,M,36900,https://www.musinsa.com/products/6391150
6391150,[패션플래닛X후브스] 필드롤업 크롭 반팔셔츠 - 6Color,hooves,스포티,스트리트,상의,L,36900,https://www.musinsa.com/products/6391150
6391150,[패션플래닛X후브스] 필드롤업 크롭 반팔셔츠 - 6Color,hooves,스포티,스트리트,상의,XL,36900,https://www.musinsa.com/products/6391150
6064541,인더시티 이지핏 링거 티 블랙 4RF297G UB1,calvinkleinjeans,스트리트,스포티,상의,XS,51750,https://www.musinsa.com/products/6064541
6064541,인더시티 이지핏 링거 티 블랙 4RF297G UB1,calvinkleinjeans,스트리트,스포티,상의,S,51750,https://www.musinsa.com/products/6064541
6064541,인더시티 이지핏 링거 티 블랙 4RF297G UB1,calvinkleinjeans,스트리트,스포티,상의,M,51750,https://www.musinsa.com/products/6064541
6064541,인더시티 이지핏 링거 티 블랙 4RF297G UB1,calvinkleinjeans,스트리트,스포티,상의,L,51750,https://www.musinsa.com/products/6064541
6064541,인더시티 이지핏 링거 티 블랙 4RF297G UB1,calvinkleinjeans,스트리트,스포티,상의,XL,51750,https://www.musinsa.com/products/6064541
6493135,데일리 골지 크롭 머슬핏 티셔츠-5Color,filluminate,스트리트,모던,상의,S,27900,https://www.musinsa.com/products/6493135
6493135,데일리 골지 크롭 머슬핏 티셔츠-5Color,filluminate,스트리트,모던,상의,M,27900,https://www.musinsa.com/products/6493135
6493135,데일리 골지 크롭 머슬핏 티셔츠-5Color,filluminate,스트리트,모던,상의,L,27900,https://www.musinsa.com/products/6493135
6312919,브리즈팝 에어로쿨 빅그래픽 반팔 티셔츠 IVORY,kodak,스트리트,힙합,상의,M,50400,https://www.musinsa.com/products/6312919
6312919,브리즈팝 에어로쿨 빅그래픽 반팔 티셔츠 IVORY,kodak,스트리트,힙합,상의,L,50400,https://www.musinsa.com/products/6312919
6511756,CS TOP LACE BRA TOP-005 (WHITE),coolsis,섹시,스트리트,상의,S,44100,https://www.musinsa.com/products/6511756
6511756,CS TOP LACE BRA TOP-005 (WHITE),coolsis,섹시,스트리트,상의,M,44100,https://www.musinsa.com/products/6511756
